Product Name,Brand,Rating,Price (INR)
Vegan Body Spray - Vetiver Bergamot Woods,SUPERDRY,4,200
Power White Anti-Pollution Double Action Facewash-100 gm,GARNIER,3.5,218
Vegan Body Spray - Ceaderwood Mandar In Amber,SUPERDRY,4,200
Forest Spice Eau De Parfum,WILD STONE,3.9,325
Sport Vegan Revive Body Spray,SUPERDRY,3.8,200
Vegan Body Spray - Moss Aqua Patchoul,SUPERDRY,3.9,200
Men's Beard Colour - B104 Natural Brown,BIGEN,4.4,383
Classic Black Eau de Toilette,JAGUAR,3.9,"2,132"
3 Niacinamide Toner with Rice Water,Plum,4.3,420
Men Fresh Active Deodorant Spray,NIVEA,3.9,143
Hair Wax Men Wet Look,Ustraa,4.6,382
Alpine Rose & Black Currant Fine Fragrance Mist,Yardley London,1.7,176
Vegan Body & Hair Wash - Vetiver Bergamot Woods,SUPERDRY,4.1,200
One Eau De Toilette,CALVIN KLEIN,3.9,"5,474"
Vegan Body & Hair Wash - Ceaderwood Mandar In Amber,SUPERDRY,4.6,200
Men Trust Your Intuition Deodorant for Men,Reebok,4,150
Wisal Dhahab EDP 50 ml,AJMAL,4.1,"3,200"
Classic Gold Eau de Toilette,JAGUAR,4.3,"2,132"
Men's Beard Color - B105 Medium Brown,BIGEN,3.2,360
Sport Vegan Restart Hair & Body Wash,SUPERDRY,4.1,200
Men Gold Eau De Toilette,GUESS,3.3,"4,760"
Wild Stone Edge Eau De Parfum,WILD STONE,4.2,325
Sport Vegan Revive Hair & Body Wash,SUPERDRY,4.4,200
Origin Eau De Parfum,Beardo,3.9,384
Beard And Hair Growth Oil,Beardo,3.8,585
Men Godfather Eau De Parfum,Beardo,3.9,314
Fresh Active Deodorant Roll On,NIVEA,4.1,172
Vegan Body & Hair Wash - Seaweed Petitgra In Sandalwood,SUPERDRY,4.1,200
Deep Impact Freshness Roll On Deodorant,NIVEA,4.1,199
Code Acqua Eau De Parfum,WILD STONE,3.8,650
Black Eau De Toilette Perfume for Men,The Man Company,4,650
Matt Finish Dermaroller,The Man Company,4,503
Dynamic Pulse Deo Body Spray for Men,ADIDAS,4.3,297
Classic Motion Eau de Toilette,JAGUAR,4.3,"1,927"
Men's Beard Color - B102 Brown Black,BIGEN,4.3,437
Luxury B.L.U Eau De Parfum,Bella Vita Organic,4.1,857
Zeal EDP 100 ml,AJMAL,4,"1,200"
Intense Eau De Parfum,The Man Company,4,442
Men Pure Impact Purifying + Minerals 3-In-1 Shower Gel,NIVEA,4.5,275
Vegan Body & Hair Wash - Moss Aqua Patchoull,SUPERDRY,3.7,200
Black Musk Eau De Parfum,Beardo,3.7,350
Whisky Smoke Bourbon Eau De Parfum,Beardo,4,350
Oil-Free Acne Face Wash,NEUTROGENA,4,692
Vitamin C Face Wash,MAMAEARTH,3.8,384
Dark Side Eau De Parfum,Beardo,4,600
Impress By Ajmal 10 ml,AJMAL,4.1,300
Men Eau de Toilette Cool Your Body for Men,Reebok,4.1,500
Men Move Your Spirit Deodorant for Men,Reebok,4.1,150
Acqua Di Gio Eau De Parfum,GIORGIO ARMANI,3.5,"9,650"
Xtremo Eau De Parfum,FOGG,4.4,650
Silver Shade EDP 100 ml,AJMAL,3.9,"1,200"
CR7 Fragrance Body Spray,CR7 Cristiano Ronaldo,4.1,401
Evoke Gold Edition Him Eau De Parfum- 90 ml,AJMAL,3.7,"2,925"
Pack of 2 Blu & Aurum Parfum Deodorants,AJMAL,4.7,319
Yves Rocher Comme Une Evidence Homme Eau De Toilette,Yves Rocher,4.3,"1,100"
Ceramide & Hyaluronic Acid Moisturizer,Re'equil,4.4,295
Black Musk Perfume,Beardo,3.7,600
Ice Dive Deo Body Spray for Men,ADIDAS,4,297
Prose Eau De Parfum- 100 ml,AJMAL,3.8,525
Homme Eau De Parfum Giftbox,ENGAGE,3.9,325
Classic Menthol Pre Shave Foam,GILLETTE,3.4,189
Whisky Smoke Eau De Parfum,Beardo,4,600
Men's Beard Color - B103 Dark Brown,BIGEN,3.8,437
Vitamin C Ultra Light Gel Oil Free Moisturizer,MAMAEARTH,3.9,279
Yearn Eau De Parfum- 100 ml,AJMAL,4.2,525
Men Active Clean Shower Gel,NIVEA,4.2,275
Gentleman Royale Daily Wear Perfume,Yardley London,4,649
Godfather Eau De Parfum for Men,Beardo,3.5,199
Men Dark Spot Reduction Cream,NIVEA,4.2,105
Ceo Man Intense Eau De Parfum,BELLA VITA LUXURY,4.3,857
Defy Deodrant Spray,CALVIN KLEIN,4.3,"1,610"
Edge Eau De Parfum,WILD STONE,4.1,319
Code Eau De Toilette,GIORGIO ARMANI,4.8,"8,250"
Pour Homme Eau de Toilette - 100 ml,Jacques Bogart,3.3,"2,750"
Whisky Smoke Single Malt Eau De Parfum,Beardo,4.4,648
Men Polo Blue Eau De Parfum,The Man Company,3.8,297
Supple Preparation Unscented Toner,Klairs,4.7,"1,430"
Organic Indigo Powder- 100 g,KAMA AYURVEDA,3,995
Mystic Eau-de Toilette Perfume,Cantabil,3.8,410
Sky Eau De Parfum,The Man Company,4.1,300
Deodorant Body Spray,DAVIDOFF,3.6,"1,472"
Perfect Match BB Cream - 29 g,COLORBAR,4,507
Whisky Smoke Eau De Parfum,Beardo,4.1,349
Shea Lotus Body Butter Moisturiser,KAMA AYURVEDA,5,"2,295"
Men's Beard Color - B101 Natural Black,BIGEN,4.3,441
Homme Oud Eau De Parfum,COLOUR ME,4,"1,360"
Beard & Hair Growth Oil,Beardo,2.8,449
Eternity Aromatic Essence Perfume for Men,CALVIN KLEIN,4.7,"6,348"
Be Eau De Toilette,CALVIN KLEIN,3.1,"5,474"
Fresh Endurance Anti-Perspirant Deodorant for Men,ADIDAS,3.5,339
Hair Growth Vitalizer,Beardo,3.4,599
Titanium EDP 100 ml,AJMAL,3.9,"1,200"
Imperial Deodorant Body Spray for Men,Denver,4.2,242
Inizio Aqua Homme Deodorant Spray,EDW Essenza,3.5,559
Wings Titanium Deodorant Spray - 200 ml,POLICE,3.8,301
Ubtan Ultra Light Gel Oil Free Moisturizer,MAMAEARTH,4.3,279
Black Wallet Eau De Parfum,Ramsons,3.1,525
Multani Mitti Face Wash with Kashmiri Kesar,Tnw The Natural Wash,3.3,135
Attraction Totale Deodorant Spray,BRUT,4.2,228
Seductive Homme Blue Eau de Toilette -100 ml,GUESS,4.1,"4,335"
Charcoal & Aloe Vera Extract Nose Strips,The Man Company,4.2,224
Whisky Smoke Perfume Body Spray,Beardo,3.8,255
Defy Eau De Parfum,CALVIN KLEIN,5,"5,980"
Neutron EDP 100 ml,AJMAL,3.8,"1,200"
Hydra Energy Eau De Parfum for Men,WILD STONE,4.6,224
Seductive Red for Men Eau De Toilette,GUESS,3.4,"4,335"
Yin Eau De Parfum For Man,ENGAGE,3.6,422
Only the Brave Eau De Toilette,DIESEL,4.4,"3,225"
Organic Hair Color Kit- 200 g,KAMA AYURVEDA,4.8,"1,795"
Asher for Unisex - 12 ml,AJMAL,4.6,875
Tsunami Eau De Parfum,Beardo,4,600
Men Eau de Toilette Inspire Your Mind for Men,Reebok,3.9,500
Signature Denim Lather Shaving Cream,AXE,3.6,89
Beast Eau De Parfum,UrbanGabru,4,470
Classic Gold Deodorant Spray,JAGUAR,3.6,313
Gentleman Urbane Body Spray For Men,Yardley London,3.9,60
CR7 Eau de Toilette,CR7 Cristiano Ronaldo,3.2,"2,970"
Must Ache & Beard Wax Extra Strong,Beardo,4.7,405
Argan Oil Hair Serum,Beardo,4,236
Neem & Charcoal Bath Soap,Bombay Shaving Company,2.8,98
Luxury Klub Eau De Parfum,Bella Vita Organic,3.8,575
Set of 6 Luxury Perfumes,ADEN,1,440
S.Oliver So Pure Man Deodorant Aerosol Spray,S Oliver,4.3,552
Perfect Match BB Cream - 29 g,COLORBAR,4,507
Seductive Eau De Toilette,GUESS,3.5,"5,015"
After Dark Cologne Perfume,Ustraa,3.6,539
Base Camp Cologne Perfume,Ustraa,3.9,539
Marine Eau-De Toilette Unisex Perfume - 100ml,Cantabil,3.7,410
Defy Eau De Toilette,CALVIN KLEIN,3.3,"4,692"
Oil Free Mattifying Moisturiser,Re'equil,4.1,295
Men My Story for Him Spicy & Aquatic Luxury Eau De Parfum,Embark,4.3,693
Men Marine Eau de Parfum,DJOKR,4.4,507
Artisan Musky Wood Concentrated Perfume Gift for Men,AJMAL,4.2,296
Yearn Aquatic Perfume Deodorant Scent Spray Party Wear Gift for Men,AJMAL,4.1,146
De-Tan Face Wash Gel,Beardo,3.9,234
Inspired By Respect Deodorant Spray,DAVID BECKHAM,4.3,412
Cobra Classic Long Lasting Eau De Perfume,St.john,3.9,198
Coffee Detox De-Tan Face Wash,Beardo,4.2,360
Conquer Eau De Parfum,PARK AVENUE,3.8,439
Hair Spray Set & Keep Extreme Hold,GATSBY,4.3,250
Daily Repair Hemp Beard Oil,Beardo,3.6,247
Giorgio Armani Code Eau De Toilette,GIORGIO ARMANI,4.6,"6,050"
Polo Black Eau De Parfum for Men,The Man Company,3,396
Whisky Smoke Perfume Deodorant Body Spray,Beardo,3.5,98
On Classic Woody Pocket Perfume For Man,ENGAGE,3.8,69
XX2 Cologne Spray For Man,ENGAGE,3,202
Ultra Sensual Eau De Parfum,WILD STONE,3.9,487
Dark Spot Reduction Cream,NIVEA,3.9,230
Cobra Real Man No Gas Deodorant Spray,St.john,3,140
Ultra Glow Face Cream,Beardo,4.1,260
Men Whisky Smoke Perfumed Luxury Soap Set,Beardo,3.7,168
Ice Blast Face Wash,Beardo,3.2,234
One Eau De Toilette,CALVIN KLEIN,3.9,"4,462"
Set of 3 Men Deodorant Body Sprays - 450 ml,Cantabil,4.1,406
Kamasutra Spark Power Series Deodorant Spray,KAMASUTRA,3.1,204
Classic Regular Pre Shave Foam,GILLETTE,4.4,249
Homme Gold Eau De Parfum,COLOUR ME,4.4,594
De-Tan Body Wash Gel,Beardo,4.3,236
Bastion Onyx Eau De Parfum- 100 ml,AJMAL,2.8,"1,050"
Beard Serum,Beardo,4.2,319
Lip Lightener Cream,Beardo,3.8,402
Caliber Deodorant Body Spray for Men,Denver,3.3,242
Extra Strong Hold Crystal Wax,Beardo,3.5,320
FantasticDeo Dynamic,FOGG,3.3,209
Euphoria Eau De Parfum,PARK AVENUE,3.8,359
Contemporary Extreme Eau De Toilette for Man,POLICE,4.2,"1,664"
Ultra Sensual Shaving Cream,WILD STONE,4.1,60
B-Acne Clear Body Wash,Beardo,3.7,236
Men Cobra Limited Edition Eau De Perfume,St.john,3.3,359
Homme Black Eau De Parfum,COLOUR ME,5,"1,360"
Into the Woods Eau De Parfum,MAMAEARTH,4,719
Set of 3 Men Deodorant Body Sprays - 450ml,Cantabil,3.9,406
Red Eau De Parfum for Men,WILD STONE,3.5,224
Strong Hold Hair Fixing Spray,Ustraa,4.1,374
Carbon EDP 100 ml,AJMAL,3.8,"1,200"
Homme Black Eau De Parfum,COLOUR ME,3.4,594
Hair Comb Aqua Wax,UrbanGabru,3.2,278
Signature Champion Body Deodorant,AXE,3.4,310
Gentleman Eau De Toilette,POLICE,4.3,"2,464"
Daily Nourish Beard Softener,Beardo,3,298
Uefa N9 Bs Deodorant for Men,ADIDAS,4,297
Lionpride No Gas Deodorant Body Spray,OLD SPICE,3.9,224
Park Avenue Signature Collection Neo Premium Body Spray,PARK AVENUE,3.9,312
Blush Perfume,Envy,4.5,248
De-Tan Facewash,Beardo,3.5,119
Hair Volumizing Powder Wax,The Man Company,2.8,218
Professionals Eimi Bold Move Matte Texturizing Paste,WELLA PROFESSIONALS,5,665
Lip Bubblegum Balm,Beardo,3.7,200
Hair Thickening Serum Spray,Beardo,3.4,298
Styling Gel Ultra Hold Gel,GATSBY,4,35
Bastion EDP 100 ml,AJMAL,3.8,"1,200"
Mustache Growth Roll-On,Beardo,4.4,179
Extra Virgin Organic Coconut Oil- 200 ml,KAMA AYURVEDA,3,995
Tattoo Cologne Perfume,Ustraa,4.1,539
Mate Deodorant Spray for Men,ENGAGE,5,210
Ice Dive Eau De Toilette for Men,ADIDAS,3.8,"1,274"
Eternity Eau De Toilette,CALVIN KLEIN,4.1,"5,474"
Whisky Smoke Eau De Parfum,Beardo,3.9,"1,199"
Inizio Homme Deodorant Spray,EDW Essenza,3,559
Men Black Code Eau De Parfum,Denver,3.6,331
M2 Perfume Spray For Man,ENGAGE,4.1,205
Refreshing Mint Cool Foaming Face Wash,Mancode,4.5,189
Blanc Eau De Toilette,The Man Company,4.1,450
Ombre Eau De Parfum,The Man Company,3.8,240
Shock-In-Scent Eau de Parfum - 100 ml,POLICE,4,"3,120"
Fantastic Deo Extreme,FOGG,3.6,209
Godfather Beard Wash Gel,Beardo,4,240
De-Tan Face Gel,Beardo,4.3,280
Himalayan Deodar Face Cleanser,KAMA AYURVEDA,4.8,"1,345"
Uefa N9 Bs Deodorant for Men,ADIDAS,4,297
Musk Amber Concentrated Perfume for Men,AJMAL,4,450
Insane Hold Hair Spray,Beardo,3.6,339
Gentleman Royale Body Spray For Men,Yardley London,3.8,60
Homme Gold Eau De Parfum,COLOUR ME,4.4,594
De-Tan Facewash,Beardo,3.5,119
Hair Styling Wax Mat & Hard,GATSBY,4.5,100
Amber No Gas Deodorant Body Spray,OLD SPICE,4,224
Men Classic Deodorant Spray,DAVID BECKHAM,3.7,443
Cobra Real Man No Gas Deodorant Spray,St.john,3,140
Fogg Fragrance Deo Men Royal 150 Ml,FOGG,3.7,220
Vitamin-E & Liquorice Oil Lightening Lip Balm,The Man Company,4.8,236
De-Tan Body Wash Gel,Beardo,4.3,236
Don Perfume Eau De Parfum for Men,Beardo,3.5,199
Cool Blue Deodorant Body Spray,PARK AVENUE,3.7,180
Hair Volumizing Powder Wax,The Man Company,2.8,218
Bandit Perfume Body Spray,Beardo,3.6,175
Joy Eau De Parfum,The Man Company,4.3,495
Gold Temptation 48H Dual Action Technology Deodorant Body Spray,AXE,4,340
B-Acne Clear Body Wash,Beardo,3.7,236
Cigar Eau De Parfum,WILD STONE,4.1,479
Mate Deodorant Spray for Men,ENGAGE,5,210
Hair Spray Set & Keep Super Hard,GATSBY,4.3,230
Acne Clear 2-In-1 Toning Serum,Beardo,2.6,297
Ocean Sea Salt Spray,BEARDBURYS,4.5,476
Pebble Style eau de parfum - 100 ml,MARYAJ,4,584
Vitamin C Face Toner,Re'equil,4,495
De-Tan Face Mask,Ustraa,4.3,297
Flexi Vent Brush,Ikonic Professional,4,390
Good Morning Premium Men’s Soaps,PARK AVENUE,3.5,192
Acne Clearing Face Wash Combo,Qraa Men,5,202
Signature Champion Body Deodorant,AXE,3.4,310
Into the Woods Eau De Parfum,MAMAEARTH,4,719
Beard Shaping Gel,Beardo,3,140
De-Tan Face Gel,Beardo,4.3,280
Hair Comb Aqua Wax,UrbanGabru,3.2,278
Cobra Limited Edition Long Lasting Eau De Perfume,St.john,2.9,242
Blanc Eau De Toilette,The Man Company,4.1,450
Men Polo Red Eau De Parfum,The Man Company,3.8,297
Wave Eau De Parfum Long Lasting Perfume,Hummel,3.4,623
Wave Eau De Parfum Long Lasting Perfume,Hummel,3.4,623
Ultra Glow Body Lotion,Beardo,3.8,239
Spirit for Him Deodorant,ENGAGE,3.8,149
Effect Clean + Caffeine Rejuvenating Face Wash,GUESS,5,"1,200"
Tea Tree Foaming Face Wash,MAMAEARTH,4.5,319
CR7 Game On Fragrance Body Spray,CR7 Cristiano Ronaldo,3.2,534
Mafia Perfume Deodorant Body Spray,Beardo,3.2,98
Ayurvedic Hair Oil,Ustraa,3.7,449
Ice Blast Perfume Roll On,Beardo,3.9,194
Harmony Eau De Parfum,PARK AVENUE,4.3,359
Amber No Gas Deodorant Body Spray,OLD SPICE,4,224
Intense Deodorant Body Spray,AXE,3.9,350
Max Sunscreen Lotion Spray SPF50,Beardo,3.9,319
Gold Temptation 48H Dual Action Technology Deodorant Body Spray,AXE,4,340
Cobra Classic Long Lasting Eau De Perfume,St.john,3.6,154
Ocean Eau De Parfum,The Man Company,3,264
Set of 3 Deodorant Body Sprays,Cantabil,2.5,406
Fresh Woody Deo,FOGG,3.5,275
Hamilton Talc,Denver,4.2,190
Night Rider Eau De Parfum for Men,WILD STONE,4.1,224
Men Envy Bold Eau De Parfum,Envy,3,248
Fresh Fougere Deo,FOGG,3.7,275
Ultraglow Face Wash,Beardo,4.7,280
Men My Story for Him Perfumed Deodorant Natural Spray,Embark,4.3,297
Fresh Ocean Deodorant,NIVEA,3.9,242
Alpha Men Bright Glow Face Wash,O3+,3.7,245
Zero to Infinity Hair Wax For Strong Hold,urban gabru,4.8,328
Cigar Eau De Parfum,WILD STONE,4.1,479
Urge Deodorant Spray For Man,ENGAGE,3.6,162
Soothing Gel Eye Mask,Gubb,3.9,157
Unisex Pack of 2 Body Mists,Cantabil,3,401
Men SRK Emperor Autograph Collection Deodorant,Denver,3,234
Code Platinum Deodorant Body Perfume,WILD STONE,3.6,248
Bold Layer Texturizing Clay,GATSBY,1,330
Haldi Chandan Face Scrub (,Qraa Men,3.9,203
Sandalwood & Orange Peel Shaving Cream,Forest Essentials,5,795
Water Gloss Soft Gel,GATSBY,3.3,35
Vitamin C Face Scrub,MAMAEARTH,4.7,307
Men Arabica Coffee Face Wash,THE HILL MEN,3.9,259
Mancode Beard Oil -Lemon Grass & Orange Oil 60 ml,Mancode,3.7,161
Firewood Eau De Parfum,The Man Company,3.4,246
Whitening Cream,Mancode,3.3,172
Fresh Power Deodorant Roll On,NIVEA,4.2,180
Luxe Sponge Loofah,Gubb,4.6,76
Stud Deodorant Spray,Ramsons,4,270
Park Avenue Voyage Men's Premium Body Spray,PARK AVENUE,3.4,312
Hair Styling Wax Power & Spikes,GATSBY,5,220
Orchidyounot Shower Gel,Plum,3.3,380
Turmeric Shaving Foam,Bombay Shaving Company,4,228
Hydra Energy Eau De Parfum,WILD STONE,3.9,319
Selfie By Ajmal 10 ml,AJMAL,4,300
Sacred Love Parfum Deodorants,AJMAL,3.6,479
Deo Rush,FOGG,3.2,299
Water Gloss Super Hard Gel,GATSBY,3.3,35
Activated Bamboo Charcoal Scrub,Qraa Men,3.9,98
Pure Game Deo Body Spray for Men,ADIDAS,2.5,297
Stone No Gas Perfume Body Spray,WILD STONE,4.1,213
Sport Eau De Toilette,Ustraa,3.7,374
Honour Deodorant Body Spray for Men,Denver,4.1,237
Men Noir Deodorant,Envy,3.2,187
Water Gloss Hyper Solid Gel,GATSBY,3.9,35
Hair Spray Set & Keep Extreme Hold,GATSBY,3.9,120
Regal Premium Perfume,PARK AVENUE,3.5,239
Sensitive Shaving Foam,Bombay Shaving Company,4.8,198
Nomad No Gas Deodorant Body Spray,OLD SPICE,3.8,224
Deep Desire Body Spray,Layer'r,4,233
Hair Spray Set & Keep Super Hard,GATSBY,4.3,230
Cooling Perfect Clean Face Wash,GATSBY,4.3,110
Homme Volt Eau De Parfum,COLOUR ME,2.8,594
Sensitive Shaving Foam,Bombay Shaving Company,4.8,212
Hair Styling Fiber Wax Bold & Rise,GATSBY,4.5,125
Deep Sea Bathing Brick Soap,Beardo,3.9,148
Sweet Tobacco Hair Styling Clay,18.21 Man Made,4,"2,550"
Water Gloss Hard Gel,GATSBY,2.6,35
Storm Fragrance Body Spray,PARK AVENUE,3.2,288
2 in 1 Beard & Face Wash,Mancode,3.6,180
Eau De Toilette - 100 ml,NAUTICA,2.8,"1,984"
Coffee Shaving Foam,Bombay Shaving Company,4.2,228
Victory League Deo Body Spray for Men,ADIDAS,3.8,297
Falcon Perfume Deo Spray for Men,Beardo,3.3,209
Oil Control Face Wash,Clinique,3.4,"2,950"
Moustache & Beard Styling Wax Strong Hold,GATSBY,3.8,100
Bold Essence Perfumed Talc,Layer'r,2.7,94
Facial Foam Face Wash for Men,Mancode,5,158
Men Tea Tree Face Wash,THE HILL MEN,3.9,259
Gold Imperial Body Spray,Layer'r,3.7,100
Kuro Eau De Parfum,AJMAL,3.7,"2,400"
Tickle Deodorant Spray For Man,ENGAGE,3.9,192
Gold Iconic Body Spray,Layer'r,3.8,100
Icy Mint Shaving Cream with Tea Tree Oil & Bacti-Guard,VI-JOHN,3.1,40
Men Eau De Parfum Perfume,SNITCH,3.2,"1,199"
Classic Eau de Toilette - 100ml,SWISS ARMY,5,"6,210"
Only The Brave Eau De Toilette -,DIESEL,4.4,"4,575"
OSiS+ Flexwax Strong Cream Wax,Schwarzkopf,2.6,"1,118"
Blu EDP 90 ml,AJMAL,3.7,"2,400"
Retinol Night Cream,MAMAEARTH,4.8,559
Urban Gabru Hair Volumizing Powder Wax,UrbanGabru,4.1,379
Tea Tree Face Wash,MAMAEARTH,4.3,384
Shiro EDP 90 ml,AJMAL,3.9,"2,800"
Mikkel Eau De Toilette,EDW Essenza,5,"3,160"
Eau De Toilette Spray,DAVIDOFF,3.8,"5,428"
Dahnul Oudh Raashid CP,AJMAL,3.8,"2,550"
Men’s Beard Colour - B103 Brown,BIGEN,4,722
Acqua Di Gio Eau De Toilette,Armani,5,"5,900"
Euphoria Eau De Toilette,CALVIN KLEIN,3.9,"6,256"
Cool Water Reborn Eau De Parfum for Men,DAVIDOFF,4.2,"5,290"
Men Eau De Parfum Perfume,SNITCH,2.8,"1,199"
Godfather Body Wash,Beardo,4.2,236
Citron Eau De Parfum,The Man Company,3.6,750
Aden Oud Aswad Perfume Spray,ADEN,2.3,"1,200"
Men My Life Intense for Him Oriental & Woody Luxury Eau De Parfum,Embark,4.4,"1,696"
Blue Ambition Ns Eau De Toilette,NAUTICA,3.4,"1,984"
Men Eau De Parfum Perfume,SNITCH,3.1,"1,199"
Matte & Volume Hair Styling Mousse,GATSBY,3.5,425
Code Chrome No Gas Deodorant Body Perfume,Wild Stone CODE,4.3,298
1.5 Vitamin C Toner with Mandarin,Plum,4.4,425
Homme Eau De Parfum For Man,ENGAGE,3.8,649
Beard Growth Oil Advanced,Ustraa,3.9,475
L'amante Absolute Eau De Parfum For Man,ENGAGE,4.3,889
Organic Henna Powder- 100 g,KAMA AYURVEDA,4.5,995
Nautica Voyage Eau de Toilette Perfume,DAVID BECKHAM,1.2,354
Legend Perfume Eau De Parfum for Men,Beardo,4.4,600
Homme White Eau De Parfum,COLOUR ME,3.8,594
Mikkel Eau De Toilette,EDW Essenza,3.7,639
Flexi Vent Brush,Ikonic Professional,4,390
Pimple Clear Facewash,Pond's,4.2,120
CR7 Play It Cool Fragrance Body Spray,CR7 Cristiano Ronaldo,2.1,534
Uefa N9 Eau De Toilette for Men,ADIDAS,4.4,"1,274"
Intense Black No Gas Deodorant Body Spray,WILD STONE,3.9,220
Men Oil Clear Clay D-Tox Deep Cleansing Icy Face Wash,GARNIER,4.3,284
Rosemary Essential Oil,Beardo,4.1,247
Men My Passion for Him Citrus & Woody Luxury Eau De Parfum,Embark,4.4,"1,497"
Soap Combo,WILD STONE,4.5,296
Max Volume Powder Wax,Beardo,3.3,347
Icon Premium Perfume,PARK AVENUE,3.4,239
Patchouli & Sea Salt Body Wash,The Man Company,4.6,224
Anti-Ageing & Skin Brightening Vitamin-C Face Wash,The Man Company,4.3,200
Classic Leather Deodorant Body Spray,WILD STONE,3.4,268
Mocha Shot Lip Balm,Beardo,4,200
Elite Collection Classy Musk Body Perfume,Yardley London,3.7,200
Musk Deodorant Spray,BRUT,4.3,279
Hair Growth Vitalizer Serum,Ustraa,4,503
Euphoria Eau De Parfum,PARK AVENUE,3.8,439
Signature Denim Lather Shaving Cream,AXE,4.3,51
Original Deodorant Spray,BRUT,3.9,279
Night Rider Eau De Parfum,WILD STONE,4.2,479
Shield Eau De Parfum For Men,SAINT COTTON,3,215
Edge Shower Gel,WILD STONE,5,168
Hydra Energy Deodorant Body Spray,WILD STONE,3.9,203
Pack of 3 Soaps,WILD STONE,3.8,180
Hair Spray Set & Keep Ultra Hard,GATSBY,3.5,130
XX3 Cologne Spray For Man,ENGAGE,4.3,202
Ultra Sensual Deodorant Body Spray,WILD STONE,3.8,236
Good Morning Fragrance Body Spray,PARK AVENUE,3.5,288
Classic Cologne Deodorant Body Spray,WILD STONE,4.2,268
Mate Deodorant Spray for Man,ENGAGE,3.3,162
Iron No Gas Perfume Body Spray,WILD STONE,3.9,213
Vintage Eau De Toilette,John Varvatos,5,"9,400"
Aqua Hydrating with Shea Butter Pro Shaving Gel,GILLETTE,4,425
Strong Hold Mooch & Beard Wax,Ustraa,3.9,275
Treatment Anti Dandruff Hair Cream,GATSBY,4.8,200
Forest Spice Eau De Parfum,WILD STONE,3.9,319
Hair Styling Fiber Wax Bold & Rise,GATSBY,4.4,250
Men Turbo Bright Anti-Pollution Brightening Moisturiser,GARNIER,3.4,169
Deep Cleansing Anti-Acne Charcoal Face Wash,The Man Company,3.7,213
Oceans Deodorant Spray,BRUT,3.5,279
Cool Kick with Refreshing Icy Menthol Body Wash & Shower Gel,NIVEA,3.6,213
Skin Brightening De-Tan Scrub,Qraa Men,3.9,133
Men Skin Whitening Face Wash,Qraa Men,4,133
Styling Neat & Arrange Hard Setting Hair Cream,GATSBY,4,200
Legacy Perfume Deodorant Spray,Beardo,3.6,179
3-In-1 Sports Blast Body Face & Hair Wash,AXE,3.8,179
Haldi Chandan Skin Brightening & Lightening Face Wash Combo,Qraa Men,2.5,209
Code Eau De Toilette for Men,GIORGIO ARMANI,1,"7,100"
3-In-1 Alaska Body Face & Hair Wash,AXE,2.5,169
Code Le Parfum,GIORGIO ARMANI,3.9,"11,400"
Eau De Toilette,UNITED COLORS OF BENETTON,3.9,"1,620"
Classic Eau de Toilette -40 ml,JAGUAR,4.5,"1,440"
Water Gloss Soft Gel,GATSBY,3.8,80
Black Steel Eau De Toilette,SWISS ARMY,4,"4,615"
Water Gloss Hyper Solid Gel,GATSBY,4.7,80
Infinite Rush Eau de Toilette,Bentley,3,"4,270"
Musky No Gas Long-Lasting Perfume,GRAPHITE,3,220
Blue Eau de Toilette 100 ml,Ulric De Varens,2.7,746
Styling Hair Party Shine Gel for Men,SET WET,4,225
Classic Eau de Toilette - 100 ml,JAGUAR,4,"2,132"
Jacques Bogart One Man Show Eau de Toilette -100 ml,Jacques Bogart,3.4,"1,485"
Black EDT- 50 ml,The Man Company,4.7,390
Classic Black Eau de Toilette -40 ml,JAGUAR,4.2,"2,052"
40 Vitamin C Face Serum with Hyaluronic Acid 30 ml,The Man Company,4.3,329
Aristocrat Edp - 75 ml,AJMAL,4.1,"4,000"
Blue Heritage Eau De Toilette Perfume,Jack & Jones,4,"2,399"
Bad Eau De Toilette for Men,DIESEL,4.7,"2,700"
All In 1 Charcoal 10X Vitamin C Effect Face Wash,NIVEA,4,126
Intense Ocean Body Deodorant for Men,WILD STONE,3.9,213
Hamilton Premium Body Talc for Men,Denver,4.5,80
Harmony Eau De Parfum,PARK AVENUE,3.5,412
Whisky Smoke Lip Balm for Men,Beardo,3.8,265
Ubtan Foaming Face Wash,MAMAEARTH,4.8,291
Cosmopolitan Eau de Toilette -100 ml,POLICE,3.6,"2,144"
Blue Eau de Toilette -100 ml,NAUTICA,3.9,"1,984"
For Men Deodorant Spray- 150 ml,JAGUAR,3.8,313
Men Seductive Long Lasting Parfum,SENTIRE,2.5,568
Artisan Juniper Bloom Deodorant Perfume Longlasting Spray Gift for Men,AJMAL,3.6,146
Neo Premium Body Spray,PARK AVENUE,2.2,213
Bespoke Eau De Parfum For Women,SAINT COTTON,3.7,175
Classic Regular Pre Shave Foam,GILLETTE,3.6,90
Club Elixir Eau De Parfum for Men,RALPH LAUREN,4.3,"11,600"
Men Only The Brave All Over Body Spray,DIESEL,3.7,"1,800"
Men Only The Brave All Over Body Spray,DIESEL,3.7,"1,800"
Men Eco-Friendly Long Lasting Perfume,FW FAUN WALK,4.7,234
Malaki Black Incense Eau De Parfum,CHOPARD,4.4,"2,560"
Eternity Eau De Toilette,CALVIN KLEIN,3.7,"4,232"
Eau De Toilette Spray,DAVIDOFF,3.8,"4,232"
Perfect Match BB Cream - 29 g,COLORBAR,4,507
Island Suit Eau De Parfum Spray,LoveChild Masaba,2.6,"2,200"
Haute Tobacco Extrait De Parfume,NEESH,3.7,"4,941"
Joy Eau De Parfum,The Man Company,4.3,495
Vitamin C 2-In-1 Toning Serum,Beardo,3.6,440
Ammunition Cologne Perfume,Ustraa,4,539
Vip M Deodorant Spray - 150 ml,Playboy,4.1,314
Flash Eau de Toilette 100ml,Ulric De Varens,3.4,881
Conquer Eau De Parfum,PARK AVENUE,3.9,359
Classic Black Deodorant Spray - 150 ml,JAGUAR,4,395
Elite Collection Stellar Spice Body Perfume,Yardley London,4.3,200
Black Code Deodorant Body Spray for Men,Denver,4.5,247
Men With Love Eau de Toilette,SCOTCH & SODA,3,"3,225"
Musk Eau De Parfum,The Man Company,3.7,494
Classic Eau De Toilette,ARAMIS,4,"3,570"
DC Marine Noir Eau de Toilette -100 ml,Dorall Collection,3.4,359
To Be Man Deodorant Spray,POLICE,3.9,301
Classic Sensitive Shave Foam,GILLETTE,4.3,249
To Be Bad Guy Eau De Toilette for Man,POLICE,3.3,"3,485"
Odense Eau De Parfum,Hummel,2.9,548
Algiz Eau De Parfum Long Lasting Perfume,Hummel,2,548
Defy Eau De Parfum,CALVIN KLEIN,3,"4,554"
Godfather Long Lasting Perfume Deo Spray,Beardo,4.1,223
To Be Exotic Jungle Eau de Toilette - 125 ml,POLICE,4.1,"3,157"
Pace Eau de Toilette,JAGUAR,4,"3,068"
Escape for Men Deodorant Body Spray,HRX,3.9,359
Mortal Eau De Parfum For Men,SAINT COTTON,3.2,297
Victory League Eau De Toilette for Men,ADIDAS,3.3,"1,274"
Pack of 2 Aurum & Raindrops Parfum Deodorants,AJMAL,3,319
Iceman Perfume Deo Spray,Beardo,3.7,209
Men Speed Deodorant,Envy,4.2,187
Intense Deodorant 200 ml,One8,3.8,249
Beard Growth Oil with Almond & Thyme,The Man Company,3.7,210
Tea Tree Oil-Free Face Moisturizer,MAMAEARTH,4,255
Contemporary Eau de Toilette -100 ml,POLICE,3.9,"2,144"
Champ Eau De Parfum,Denver,2.9,290
Edge Deodorant Body Spray,WILD STONE,4.1,198
Parfum 01 Parfum Original,Archies Parfum,4.1,499
Talc Eau De Parfum,The Man Company,3.3,264
Maverick Perfume Deodorant Spray,Beardo,3.8,209
Good Morning Fragrance Body Spray,PARK AVENUE,4.5,203
Peel Off Face Mask Activated Charcoal,Beardo,4.8,280
Men My Life for Him Citrus & Ambery Luxury Eau De Parfum,Embark,4.2,"1,592"
Hair Styling Wax Edgy & Volume,GATSBY,4,100
Anti-Dandruff Lotion - 200 ml,KAYA,4,160
Energizing Mango Coriander Body Lotion - 390 ml,Yves Rocher,3.8,350
Pure Impact Shower Gel,NIVEA,3.9,234
Black Label Deodorant Aerosol Spray,S Oliver,4.1,380
Original Eau de Toilette - 100 ml,POLICE,3.5,"1,824"
Women Long Lasting Perfume,Hummel,3.5,598
Set of 2 Men Arabica Coffee Face Wash,THE HILL MEN,5,479
Arabica Coffee Bodywash Bath & Shower Soap,THE HILL MEN,4.4,163
Aden Oud Bukhet Perfume Spray,ADEN,3,"1,200"
Luxe Ombre Similar To Ombre Leather By Tom ford-50 ml,FW FAUN WALK,4.8,"1,003"
Hair Styling Wax Hard & Free,GATSBY,5,100
Oil Clear Clay D-Tox Deep Cleansing Icy Face Wash,GARNIER,4,204
Deo Force,FOGG,3.7,209
Aden Proximity Perfume Spray,ADEN,2.7,"1,200"
Contemporary Deodorant Spray - 200 ml,POLICE,2.8,323
Ultimate Power Eau De Toilette,JAGUAR,4,"2,132"
Jaguar Stance Eau de Toilette - 100 ml,JAGUAR,3,"3,068"
Women Long Lasting Perfume,Hummel,2.7,598
Acne Clear Foam Face Wash,Beardo,3.9,298
Men My Passion for Him Fougere Citrus & Woody Eau De Parfum,Embark,3.9,592
Defy Eau De Toilette,CALVIN KLEIN,5,"6,118"
Hamilton Eau De Parfum,Denver,5,331
Edge for Men Deodorant Body Spray,HRX,3.7,359
Scuba Cologne Perfume,Ustraa,3.9,539
Houttuynia Cordata Extract,One Thing,5,"1,050"
Inizio Aqua Homme Eau De Toilette,EDW Essenza,5,679
Black Bond Perfumes & Colognes,KENNETH COLE,3.7,"5,700"
Gentleman Royale Compact Perfume,Yardley London,4,649
Greek God Eau De Parfum,Pilgrim,3.3,956
Men My Time for Him Aromatic & Chypre Luxury Eau De Parfum,Embark,4.5,"1,592"
L'amante Aqua Eau De Parfum For Man,ENGAGE,4,889
Intense for Him Eau De Parfum,EMANUEL UNGARO,2.5,"3,640"
Hair Growth Cream with Biotin And Redensyl,Beardo,4.4,316
Femme Eau De Parfum For Man,ENGAGE,3.4,649
Activated Charcoal Face Wash,Beardo,4,360
Moisturizer with SPF 40 PA+++ for Men,82°E,4.5,"2,400"
Black Deodorant Body Spray,Ustraa,3.5,327
Activated Charcoal Face Wash,Beardo,4.1,234
Acqua Eau De Toilette,Tonino Lamborghini,2,"2,300"
The Man Company Oil-Free Sunscreen Gel SPF 50 PA+++ for Men,The Man Company,3,329
Men Everyday Use Travel Friendly Pocket Perfume Set,The Man Company,3,322
Jamaican Rum Soap for Men,Beardo,3.5,160
De-Tan Face Scrub,Beardo,3.8,298
All in 1 Whitening Cream 100 ml,Volamena,4.8,374
Privilege Bold Body Spray,The Man Company,3.9,239
forest Spice Deodorant Body Spray,WILD STONE,4.1,198
Men My Freedom for Him Fougere & Fresh Luxury Eau De Parfum,Embark,3.4,"1,194"
De-Tan Peel Off Face Mask Gel,Beardo,3.6,299
Dark Cocoa Perfume Body Spray,Layer'r Shot,3,224
Code Copper No Gas Deodorant Body Perfume,Wild Stone CODE,4.4,298
Men Pride Deodorant Body Spray,Denver,4,242
Goal Eau De Parfum,Denver,4.6,331
Ocean Fresh Antiperspirant & Anti-sweat Deodorant Roll-On,BOLD CARE,3.7,189
Woody Mooch & Beard Oil,Ustraa,3.3,184
Chamomile & White Tea Sheer Matte Day Cream SPF 50 - Mini Pack,Plum,3.9,175
Parfum Dream Boyz Parfum Original,Archies Parfum,3.8,499
Fiery Pride Body Spray,Layer'r,3,199
Intense Trance No Gas Deodorant Body Spray,WILD STONE,3.6,213
Code De Tan Pack for Men,WILD STONE,4,280
Fresh Fusion Cooling Talc,Layer'r,2.7,94
Top Speed Hair - Natural Black 70M,REVLON,4.6,399
Endless Night Deodorant Spray - 150 ml,Playboy,3.8,314
Morning Energy Aqua Splash Face Wash,CLEAN & CLEAR,4.5,185
Extra Virgin Organic Coconut Oil - 50 ml,KAMA AYURVEDA,4.5,295
Gentleman Urbane Body Spray for Men,Yardley London,3.2,200
Water Gloss Hard Gel,GATSBY,3.6,80
Relaxing Olive Oil & Petit Grass Shower Gel - 400 ml,Yves Rocher,4.5,295
Energizing Mango Coriander Shower Gel - 400 ml,Yves Rocher,4.6,295
Jacques Bogart Silver Scent Eau de Toilette -100 ml,Jacques Bogart,4.2,"3,150"
Defy Eau De Parfum,CALVIN KLEIN,4.2,"8,142"
Rose Jasmine Face Cleanser - 100 ml,KAMA AYURVEDA,4,"1,345"
Vitamin C Facewash with Turmeric & Moringa 100 ml,The Man Company,4.1,209
Sensitive Pre Shave Gel Tube,GILLETTE,4.6,99
Men Eau De Parfum Perfume,SNITCH,4,"1,199"
Sensitive Shaving Gel,NIVEA,4.2,449
Cool Water Reborn Eau De Toilette for Him,DAVIDOFF,4.7,"4,968"
Barfly Eau De Toilette,SCOTCH & SODA,4,"3,199"
Dynamic Pulse Eau De Toilette for Men,ADIDAS,3.8,"1,274"
Mild Series Oil Cleanser,MUJI,1,490
Silver Scent Intense Eau de Toilette - 100 ml,Jacques Bogart,3.7,"2,750"
Code Gold Deodorant Body Perfume,WILD STONE,4.5,248
Charcoal Peel Off Mask To Remove Blackheads Dead Skin 100 g,The Man Company,3.4,251
Almond & Argan Oil Brawn Hair Styling Wax,The Man Company,4.1,212
Hair Removal Spray for Men,Mancode,4.7,300
Men Eau De Parfum Perfume,SNITCH,3.9,"1,199"
Noir Club Vanilla Perfume,SNITCH,3.8,"1,199"
Beast Eau De Toilette,Ustraa,4.5,374
Acqua Colonia White Peach & Coriander Eau De Cologne,4711,5,"2,925"
Inizio Aqua Homme Eau De Toilette,EDW Essenza,3.3,"2,360"
Cobra Limited Edition Eau De Parfum,St.john,2.5,405
Dual Massage Bath Sponge,Gubb,3,140
Deodorant Body Spray Combo Pack,WILD STONE,4,653
Jacques Bogart Story Green Eau de Toilette - 100 ml,Jacques Bogart,3.8,"2,048"
Graphite Woody No Gas Deo 120 ml,GRAPHITE,2.4,220
Foaming Face Wash,CLEAN & CLEAR,3.4,250
Pack of 2 Taurine Energizing Freshness Body Wash,Ustraa,2.7,269
Timber No Gas Deodorant Body Spray,OLD SPICE,3.7,224
Original Eau de Cologne -100 ml,TABAC,2,"1,440"
Pack of 4 Pure Luxury Premium Men Soaps,PARK AVENUE,3,288
Belief Eau De Parfum For Men,SAINT COTTON,3,190
Gentleman Classic Body Spray For Men,Yardley London,3.6,239
Men Nitro Deodorant,Envy,3.8,187
Men Extrait De Perfume,METAMAN,5,999
Charcoal Musk Soap for Men,Beardo,3,168
Men Long Lasting Perfume 20 ml,Chokore,2,297
Men My Story for Him Spicy & Aquatic Luxury Eau De Parfum,Embark,4.4,"1,592"
To Be Tattooart Eau de Toilette - 125 ml,POLICE,4,"3,362"
Strong Hold Hair Spray,Beardo,3.7,342
Aloe Shave Gel- 125 ml,Clinique,5,"2,700"
Original Deodorant Roll-On,Yardley London,3.8,239
Homme Blue Eau De Parfum,COLOUR ME,3.6,594
Homme Abstract Art Eau De Parfum,COLOUR ME,3.8,594
Original Deodorant Roll-On,Yardley London,4,239
Vitamin C Night Cream,MAMAEARTH,4.5,539
Urge Deodorant Body Spray,KAMASUTRA,3,230
De-Tan Face Wash with Turmeric & Moringa,The Man Company,2,212
Daily Ha Oil Nourish Serum,Men Deserve,2.6,240
Sporting Club Champ Deodorant Body Spray for Men,Denver,3.8,237
Alpha Men D-Tan Sunscreen SPF 50,O3+,3.6,399
Activated Charcoal Face Scrub,Ustraa,3.5,247
Vitamin C Face Toner,Re'equil,4,495
Night Rider Deodorant Body Spray,WILD STONE,3.8,204
Pore Refining Face Toner,Re'equil,3.9,395
Gentleman Classic Deodorizing Talc,Yardley London,4.2,220
Cool Down Shower Gel for Men,ADIDAS,4.7,467
Elegance Deodorizing Talc,Yardley London,3.5,220
Sportivo Hair Styling Pomade Wax 100 g,The Man Company,3.6,248
Body Wash - Activated Charcoal,Beardo,3.4,239
Daily Use Hair & Scalp Nourishment Cream,Ustraa,3.9,225
Vitamin C Sheet Mask,The Man Company,4.4,151
Skin Hydrating Aloe Vera Face Wash,Beardo,4.2,200
Hair Styling Powder for Men,Mancode,3.5,230
Fiery Eau De Parfum,Envy,3.5,290
Spark Deodorant Body Spray,KAMASUTRA,3.3,296
Mafia Perfume Body Spray,Beardo,3.8,254
3-In-1 Dark Temptation Body Face & Hair Wash,AXE,2.7,179
Privilege Active Body Spray,The Man Company,2.8,200
Essential Advanced 4 In One Moisturising Face Wash,JOVEES,4.1,205
Dark Side Long Lasting Perfume Deo Spray,Beardo,4,209
Octavia Deodorant,Sunburn,3.5,179
Active Clean Shower Gel,NIVEA,4.4,234
Rhymes Eau De Parfum,Ramsons,2.9,175
Cool Spark Eau De Parfum,Ramsons,3.7,175
est Spice Fragrant Body Spray,Layer'r Shot,3.5,224
Parfum 01 Black Parfum Original,Archies Parfum,3.2,499
Spy Perfume Body Spray,Beardo,3.5,254
Fogg Fragrance Deo Men Royal 150 Ml,FOGG,3.7,220
Activated Charcoal Body Wash,Mancode,4,185
Strong Hold Cream Wax - Machismo,The Man Company,3.5,255
Skin Brightening Cream Multani Mitti & Coco Butter - 50 gm,The Man Company,3.8,447
Privilege Legend Body Spray,The Man Company,2.7,239
Set of 3 Men Deodorant Body Sprays - 450ml,Cantabil,3.9,406
Men Body Lotion for Hydration,Palmer's,4.8,523
Hair Growth Cream,Ustraa,4.1,399
Men My Life for Him Citrus & Ambery Luxury Eau De Parfum,Embark,4,693
Men My Dream for Him Woody & Marine Luxury Eau De Parfum,Embark,3.8,"1,497"
Mancode Hydro 3-In-1 Wash,Mancode,3.9,185
Imperial Fragrance Body Spray,FOGG,3.9,220
Pulse Long Lasting Deodorant Body Spray,AXE,3.9,245
3-In-1 Apollo Body Face & Hair Wash,AXE,3.7,270
Set of 3 Men Deodorant Body Sprays - 450 ml,Cantabil,3.9,406
Energize & De-Tan Power Face Wash,Ustraa,4,360
Vibe Eau De Toilette,Ustraa,3.8,374
Tea Tree Oil Shaving Cream,Bombay Shaving Company,4.4,183
Lemon 5 Way Action Shaving Foam Enriched Vitamin E for Oily Skin,VI-JOHN,3.7,162
Men My Dream for Him Woody & Marine Luxury Eau De Parfum,Embark,2.9,522
Matte Hair Wax for Men,SET WET,1.3,200
Professionals Eimi Shape Shift Moulding Gum with Shine Finish,WELLA PROFESSIONALS,3,665
Bold Instinct Deodorant Spray,DAVID BECKHAM,3.3,472
Men My Freedom for Him Fougere & Fresh Luxury Eau De Parfum,Embark,4,541
Mikkel Verde Eau De Toilette,EDW Essenza,4.7,"3,400"
Mariner Captain Jack Perfume Body Spray,Beardo,3,223
for Men Prive Eau De Toilette,JAGUAR,3,"2,255"
Protect & Care Ultimate Daily Hair Cream,The Beard Story,3.4,194
Power Play Body Spray,Layer'r,3,233
Strong Hold Hair Cream,Men Deserve,3.8,210
Charm Avatar Body Spray Perfume for Men,SET WET,5,340
Recharge 24x7 Long Lasting Deodorant Body Spray,AXE,3.6,245
Tail Hair Comb India's No 1 Hair Comb Brand for Women - AC-06,Vega,4.5,179
Men Pack of 3 Long-Lasting Deodorants,BLUE BUDDHA,4.5,562
Beard Softener Cream,Mancode,5,200
Vitality Fresh Shower Gel,NIVEA,4.2,213
Legacy Perfume Deodorant Body Spray,Beardo,3.2,98
Cooling Oil Control Face Wash,GATSBY,4.5,110
Men Refreshing Pulse Gel Bar With Skin Conditioners,FIAMA,3.8,95
Cobra True Man No Gas Perfume Deodorant Body Spray,St.john,1.5,150
Original Eau De Cologne,TABAC,4,"3,015"
Extreme for Men Eau De Toilette,HRX,4,"1,520"
Imperial Jasmine Luxury Soap,Yardley London,4.2,70
Deuce Homme Eau De Perfume - 100 ml,MARYAJ,3.8,577
Ice Blast Body Wash,Beardo,3.5,236
Bronze No Gas Perfume Body Spray,WILD STONE,4.1,225
Evolution Eau de Toilette -100 ml,JAGUAR,3.9,"2,132"
Ice Blast Cooling Talc Powder,Beardo,3.9,240
Rouge Roll On Deodorant,The Man Company,2,254
Kombat Eau De Parfum For Men,SAINT COTTON,2.6,297
Legend Deodorant Body Spray,WILD STONE,4.1,268
Nudge Deodorant Spray For Man,ENGAGE,3.8,192
Privilege Intense Body Spray,The Man Company,3.6,200
Gillette Comfort Glide Shaving Gel,GILLETTE,5,325
Don Most Wanted Perfume Body Spray,Beardo,3.4,223
3-In-1 Apollo Body Face & Hair Wash,AXE,3.3,169
Blanc Body Lotion for Men,The Man Company,4.5,239
Men Skin Brightening De -Tan Cleanser,Qraa Men,4.6,193
Energizing Daily Face Wash,The Beard Story,3.8,179
Tattoo Shiner Hydro Gel,Beardo,4.1,298
Imperial Jasmine Luxury Soap,Yardley London,4.2,70
Ice Blast Body Wash,Beardo,3.5,236
Bronze No Gas Perfume Body Spray,WILD STONE,4.1,225
Evolution Eau de Toilette -100 ml,JAGUAR,3.9,"2,132"
Rouge Roll On Deodorant,The Man Company,2,254
Ice Blast Cooling Talc Powder,Beardo,3.9,240
Kombat Eau De Parfum For Men,SAINT COTTON,2.6,297
Rose Jasmine Face Cleanser,KAMA AYURVEDA,4.5,745
Leonardo Deodorant,Envy,2,187
Gillette Comfort Glide Shaving Gel,GILLETTE,5,325
Don Most Wanted Perfume Body Spray,Beardo,3.4,223
3-In-1 Apollo Body Face & Hair Wash,AXE,3.3,169
Blanc Body Lotion for Men,The Man Company,4.5,239
Men Skin Brightening De -Tan Cleanser,Qraa Men,4.6,193
Beard Softener Cream,Ustraa,4.3,351
Energizing Daily Face Wash,The Beard Story,3.8,179
Tattoo Shiner Hydro Gel,Beardo,4.1,298
Storm Fragrance Body Spray,PARK AVENUE,3.3,203
XX1 Cologne Spray For Man,ENGAGE,4.2,202
Intense Trance No Gas Deodorant Body Spray,WILD STONE,3.6,213
Matcha & Orange Peel Anti-Pollution Face Wash,The Man Company,4.7,212
Royal Jade Body Spray,Layer'r Shot,3.9,191
Shea Butter Body Wash,Mancode,3,185
Red Deodorant Body Spray,WILD STONE,3.9,268
Gold Ultima Body Spray,Layer'r,4,191
Water Gloss Super Hard Gel,GATSBY,4.2,80
Neem & Charcoal Face Wash,Ustraa,3.3,159
Face & Beard Wash Gel - Neem,Beardo,4.8,234
Beard Growth Oil,Mancode,4,200
Privilege Active Body Spray,The Man Company,2.8,200
Skin Brightening Face Wash for Men,Mancode,3.7,158
Elite Collection Classy Musk Body Perfume,Yardley London,3,270
Essential Advanced 4 In One Moisturising Face Wash,JOVEES,4.1,205
Edge for Men Eau De Toilette,HRX,5,"1,520"
Ultra Radiance Gold Scrub with 24K Gold Leaves,Qraa Men,4.1,172
Kokum and Almond Body Butter- 200 g,KAMA AYURVEDA,3.3,"2,295"
Set of 3 Men Deodorant Body Sprays - 450 ml,Cantabil,3.9,406
24 Hours Day Cream with SPF 15+,Mancode,3.5,175
Men Vitamin C Moisturizing Cream & Serum,THE HILL MEN,4,804
Ultimate Expert Face Wash m,The Beard Story,3.6,179
Hair Styling Wax Power & Spikes,GATSBY,2.8,100
Bullet Eau De Parfum,Ramsons,3.5,175
Original Bath & Shower Gel,TABAC,5,801
Sensitive Shaving Gel Deep Comfort with Aloe Vera,GILLETTE,4.3,375
Gentleman Classic Activated Charcoal Soap,Yardley London,4.4,210
Original Eau De Toilette Natural Spray,TABAC,3,"1,920"
Beard Growth Oil Booster Enriched With Natural Herbs,urban gabru,4.5,359
Matte Moulder Styling Pomade,GATSBY,4,300
Hair Styling Wax Mat & Hard,GATSBY,4,230
De-Tan 2-In-1 Toning Serum,Beardo,3.8,440
Ocean Sea Salt Spray,BEARDBURYS,4.5,476
Cooling Perfect Clean Face Wash,GATSBY,5,220
Niacin Face Toner,MAMAEARTH,3.8,351
Hair Styling Wax Extreme & Firm,GATSBY,4.8,230
De-Tans Face Scrub,Ustraa,4.1,339
Hair Styling Gel for Strong Hold,The Beard Story,4.2,293
Elegance Body Spray for Men,Yardley London,3,330
Attraction Totale Deodorant Spray,BRUT,3,559
Hair Styling Wax Edgy & Volume,GATSBY,4,220
Water Gloss Hyper Solid Gel,GATSBY,3.5,180
Trippin' Mimosas Shower Gel,Plum,3.8,380
Absolute Game Body Spray,Layer'r Shot,3.2,233
Spice Mystique Deodorant Sprays For Him,ENGAGE,3.7,207
Gold Dynamic Body Spray,Layer'r Shot,3.9,191
Rose Jasmine Face Cleanser,KAMA AYURVEDA,4.5,745
Leonardo Deodorant,Envy,2,187
Set of 2 Privilege Active & Intense Body Spray,The Man Company,2.7,466
Beard Softener Cream,Ustraa,4.3,351
Men Dark Deodorant,Envy,3.6,187
Cool Blue Fragrance Body Spray,PARK AVENUE,3.5,288
3-In-1 Africa Body Face & Hair Wash,AXE,3,179
Insane Hold Hair Spray,Beardo,3.6,339
Ultra-Light Moisturizing Cream,Volamena,4.3,299
Gillette Pro Shaving Gel Icy Cool with Menthol,GILLETTE,5,425
Charcoal Face Scrub for Exfoliation Anti-Acne & Pimples Blackhead Removal 100 gm,The Man Company,3.6,237
Homme Abstract Art Eau De Parfum,COLOUR ME,2.5,"1,360"
Charcoal Lemongrass & Cinnamon Body Wash,The Man Company,3.3,356
Men Activated Charcoal Peel Off Mask,Qraa Men,2.5,270
Supreme Hold Styling Pomade,GATSBY,4,300
Onion Hair Styling Cream,MAMAEARTH,2.7,299
Moving Rubber Grunge Mat,GATSBY,3.3,799
Shaving Foam With Vitamin-E Enriched,VI-JOHN,2,158
3-In-1 Dark Temptation Body Face & Hair Wash,AXE,4.3,285
Sun Java Deodorant Spray,Franck Olivier,4.5,502
Oily Skin Face Wash,Ustraa,4,199
Mikkel Verde Eau De Toilette,EDW Essenza,4.1,679
BOF Skin Pro Kit,Beardo,2.5,894
Shave Foam with Coconut Oil & Menthol Set,LetsShave,3,349
Homme Abstract Art Eau De Parfum,COLOUR ME,2.5,"1,360"
Beard Wax - 40 g,TABAC,5,720
3-In-1 Dark Temptation Body Face & Hair Wash,AXE,4.3,285
Men Skin Whitening Face Scrub,Qraa Men,3.7,151
Sweet Tobacco Hair Styling Paste,18.21 Man Made,5,"2,550"
3-In-1 Excite Body Face & Hair Wash,AXE,4.3,179
Men Casanova Perfume,SENTIRE,2.5,500
Fitkari After Shave Gel,Mancode,4.2,169
Fresh for Him Eau De Toilette,EMANUEL UNGARO,5,"3,430"
Set of 2 Men Tea Tree Face Wash,THE HILL MEN,3,479
Men Deodorant Body Spray,Ustraa,2.3,327
Daily Defence Pollution Shield Face Cream,Beardo,4.2,339
Cool Avatar Body Spray Perfume for Men,SET WET,2.5,340
3-In-1 Africa Body Face & Hair Wash,AXE,2.5,285
Eau De Toilette Natural Spray,S Oliver,3.4,"1,120"
Hair Shine Pomade Gel,Men Deserve,3.8,300
Men Blue Buddha Master Spray Deodorant,BLUE BUDDHA,3.3,249
Hair Spray Strong Hold Styling Nourishment With Argan Oil & Bhringraj,Man Arden,3,400
Sensitive Shaving Gel Soothing with Aloe Vera,GILLETTE,4.3,375
Water Gloss Super Hard Gel,GATSBY,3,160
Mooch Jojoba And Cedarwood Beard Oil,Volamena,3,199
Shaving Foam With Vitamin-E Enriched & Antibacterial Properties,VI-JOHN,2.3,158
Mooch Jojoba And Cedarwood Beard Oil,Volamena,3,199
Shaving Foam With Vitamin-E Enriched & Antibacterial Properties,VI-JOHN,2.3,158
Sensitive Shaving Gel Soothing with Aloe Vera,GILLETTE,4.3,375
Aloe Vera & Matcha Body Wash,The Man Company,4.5,239
Treatment Normal Hair Cream,GATSBY,3,200
3-In-1 Africa Body Face & Hair Wash,AXE,3,179
Water Gloss Hyper Solid Gel,GATSBY,4.7,120
Fitkari After Shave Gel Musk Antiseptic Formula,Mancode,5,164
Men Hamilton Honour Eau De Parfum,Denver,2.8,425
Beard & Mustache Wax For Strong Hold,urban gabru,3.3,280
Men Skin Brightening De -Tan Pack,Qraa Men,4,240
Men Blue Buddha Legend Spray Deodorants,BLUE BUDDHA,3,249
Charcoal Shaving Foam,Bombay Shaving Company,4.4,198
Deodorant Body Spray,Ustraa,3,327
Absolute Craze Body Spray,Layer'r Shot,2.8,233
Cedarwood Beard Oil for Men,Bombay Shaving Company,3.5,293
Tranquil Eau De Parfum,The Man Company,4,300
Urban Gabru Hair Removal Cream Spray,UrbanGabru,3.6,570
Arnold Deodorant,Envy,3.8,187
Booster Essence Lotion 50 ml,MUJI,4.1,450
Hand Soap Refill,MUJI,3,490
Men Thrill Deodorant,Envy,3.5,187
Jamaican Rum Perfumed Soap Set,Beardo,3.4,279
Activated Charcoal Face Wash For Ace Oil Control 100 ml,The Man Company,4.3,237
